"Status","Start Time","Stop Time","Duration in ms","Parent Suite","Suite","Sub Suite","Test Class","Test Method","Name","Description"
"passed","Wed Oct 14 16:18:12 CST 2020","Wed Oct 14 16:18:12 CST 2020","1","clsp","Test_App7","Test_ABC","","","test_a[0-3]",""
"skipped","Wed Oct 14 16:18:12 CST 2020","Wed Oct 14 16:18:12 CST 2020","0","clsp","Test_App5","Test_ABC","","","test_b",""
"passed","Wed Oct 14 16:18:12 CST 2020","Wed Oct 14 16:18:12 CST 2020","0","clsp","Test_App6","Test_ABC","","","test_a[0-3]",""
"passed","Wed Oct 14 16:18:12 CST 2020","Wed Oct 14 16:18:12 CST 2020","0","clsp","Test_App5","Test_ABC","","","test_a",""
"passed","Wed Oct 14 16:18:11 CST 2020","Wed Oct 14 16:18:11 CST 2020","0","clsp","Test_App2","Test_ABC","","","test_a[1-2]",""
"passed","Wed Oct 14 16:18:11 CST 2020","Wed Oct 14 16:18:11 CST 2020","0","clsp","Test_App3","Test_ABC","","","test_a",""
"passed","Wed Oct 14 16:18:11 CST 2020","Wed Oct 14 16:18:11 CST 2020","0","clsp","Test_App4","Test_ABC","","","test_a[1]",""
"failed","Wed Oct 14 16:18:11 CST 2020","Wed Oct 14 16:18:11 CST 2020","0","clsp","Test_App4","Test_ABC","","","test_a[3]",""
"passed","Wed Oct 14 16:18:12 CST 2020","Wed Oct 14 16:18:12 CST 2020","0","clsp","Test_App6","Test_ABC","","","test_a[1-2]",""
"passed","Wed Oct 14 16:18:11 CST 2020","Wed Oct 14 16:18:11 CST 2020","0","clsp","Test_App2","Test_ABC","","","test_a[0-3]",""
"passed","Wed Oct 14 16:18:11 CST 2020","Wed Oct 14 16:18:11 CST 2020","0","clsp","Test_App4","Test_ABC","","","test_a[2]",""
"passed","Wed Oct 14 16:18:11 CST 2020","Wed Oct 14 16:18:11 CST 2020","0","clsp","Test_App","Test_ABC","","","test_a",""
"passed","Wed Oct 14 16:18:12 CST 2020","Wed Oct 14 16:18:12 CST 2020","1","clsp","Test_App7","Test_ABC","","","test_a[1-2]",""
"passed","Wed Oct 14 16:18:11 CST 2020","Wed Oct 14 16:18:11 CST 2020","0","clsp","Test_App","Test_ABC","","","test_b",""
